10,0,436, 1134, 639.0, 0.01195824106295476, 0.44968310232071784, 0.004580438568236614, 7009.031525199637, 31, 13740.0, 7691.830146330586, 604.4005440984123, 3, 3, 1
32,1,446, 1043, 494.0, 0.01051040459515292, 0.4077544528217178, 0.022666581308535414, 5799.974782350179, 24, 19074.1, 14243.521814846214, 543.6605586563703, 13, 20, 0
32,3,605, 1453, 728.0, 0.007952493021728423, 0.4158701812420827, 0.005315567371413625, 8585.336083683673, 31, 28612.9, 6782.629246096236, 757.304776941223, 4, 5, 1
49,2,892, 2344, 1369.0, 0.005898547004675555, 0.44960330489874034, 0.0020179590047634624, 16506.017735818543, 33, 46886.5, 27248.497500779744, 1230.6018009099146, 4, 5, 1
49,1,743, 2002, 1220.0, 0.00726275425988471, 0.462524353617354, 0.020774829419532393, 16907.831762203677, 18, 21850.9, 6503.9110917969965, 1037.1903351444287, 3, 2, 1
49,3,664, 1748, 1009.0, 0.007941267331770521, 0.43504184486865255, 0.005422084477682773, 11805.751462826545, 26, 23655.6, 10321.306992818303, 919.108437162561, 3, 1, 0
50,0,284, 729, 415.0, 0.01814064599611805, 0.43288341158059485, 0.023141346706960893, 4314.368136678637, 26, 6644.8, 1916.3216744586489, 391.8650898179296, 2, 1, 1
16,2,465, 1276, 805.0, 0.011827956989247311, 0.4698338698338707, 0.007519361914596392, 9377.46482439512, 21, 13913.7, 5861.655637275189, 670.5811596876636, 3, 3, 1
16,1,457, 1228, 747.0, 0.011785481208491688, 0.452565353440628, 0.005500572297642551, 8220.544485516726, 24, 15058.5, 4705.86929801498, 649.972612913924, 1, 0, 1
51,5,288, 749, 455.0, 0.018123306233062332, 0.46573798500881886, 0.020950512588940456, 4712.908422185309, 22, 8206.0, 4238.971832885894, 397.66495645717936, 1, 0, 1
51,11,165, 400, 221.0, 0.029563932002956393, 0.47652236652236657, 0.026137817127683156, 2242.964600858513, 21, 6753.2, 4328.430195810024, 211.58618611588696, 6, 6, 1
51,7,230, 585, 348.0, 0.02221378393772546, 0.4775610138653621, 0.02187471673509632, 3750.906111790879, 20, 6115.5, 2017.1983665470284, 309.2627769351146, 1, 0, 1
51,1,199, 490, 291.0, 0.02487183391706005, 0.48334566048133953, 0.015970891185323646, 3078.3809917331014, 21, 6546.1, 3376.884938815653, 254.81863663981449, 6, 7, 0
51,10,195, 475, 278.0, 0.025112344699973567, 0.4986805786805787, 0.020257316891781, 2961.816543199395, 21, 5918.8, 1846.9979859220205, 247.09706258366924, 7, 10, 1
51,9,314, 798, 482.0, 0.016238985775625242, 0.4751256881830139, 0.018367637371635985, 5146.2556358375905, 28, 14031.5, 8518.808159009099, 416.35933004978017, 1, 0, 1
51,6,244, 621, 383.0, 0.020947176684881604, 0.49277553048044903, 0.011427272632883985, 4031.077040158341, 24, 6939.9, 3800.445512041976, 324.8424553167186, 1, 0, 1
51,2,154, 381, 225.0, 0.03234020881079704, 0.490945634452128, 0.02979636755185642, 2291.779352621181, 16, 4577.5, 2253.180163679771, 200.74064168474948, 1, 0, 1
51,8,152, 380, 219.0, 0.033112582781456956, 0.44793233082706757, 0.014223588973462807, 2228.1525025033316, 22, 7674.6, 5362.171000630248, 201.99785931804377, 2, 0, 0
51,4,232, 582, 351.0, 0.021719659650694133, 0.4991234101147899, 0.016954088027873623, 3801.8968793550516, 20, 6475.8, 2490.8433832740266, 305.0746688402927, 1, 0, 1
41,3,4, 5, 2.0, 0.8333333333333334, 0.8333333333333333, 2.0, 14.533609285639939, 2, 11.1, 7.955501241279522, 3.465735902799726, 2, 1, 1
24,5,220, 570, 356.0, 0.023661270236612703, 0.5030286316411641, 0.010659887057440847, 5364.226941519456, 18, 6438.1, 3658.426285986913, 295.1892868588162, 1, 0, 1
24,7,274, 675, 372.0, 0.01804764578487206, 0.43888019928165956, 0.014571667830262492, 3889.658606438046, 27, 8172.2, 3596.742798699957, 355.6271258575279, 5, 7, 1
24,1,283, 705, 438.0, 0.0176678445229682, 0.5143239027003214, 0.005359923643186259, 5277.62981803373, 30, 11391.5, 3253.414859805002, 360.71330134911403, 3, 2, 1
24,6,233, 574, 337.0, 0.021237235459523458, 0.476430531795339, 0.003842777727565771, 3550.5231520574735, 33, 8227.5, 4532.576028044096, 297.9864326459706, 4, 5, 1
24,8,188, 445, 232.0, 0.025315735578564116, 0.42342536305302264, 0.019833868862965776, 2367.821337140302, 23, 7243.5, 4635.718051176107, 234.43463172744742, 6, 8, 1
24,3,261, 543, 271.0, 0.016003536693191867, 0.45717639108443703, 0.001056480508040736, 2715.321612192202, 46, 22461.2, 6383.995704885773, 263.42493521923024, 2, 1, 1
24,4,189, 403, 197.0, 0.022683778002926938, 0.44575917909251267, 0.002523918259803029, 1980.7484769440018, 36, 10091.0, 4137.606167822162, 201.5569577135897, 1, 0, 1
40,5,317, 786, 387.0, 0.015693008026194943, 0.4023534124480498, 0.01092226844204083, 4230.852982967147, 23, 6183.5, 1831.5057875966431, 424.2369269007798, 7, 7, 0
40,1,337, 835, 406.0, 0.014748480994771796, 0.38775168122349146, 0.02530000419212759, 4464.813956462608, 22, 9470.1, 3226.303316490872, 451.70207743891405, 19, 17, 0
40,2,553, 1497, 917.0, 0.00980816101894803, 0.4565256021856393, 0.009635776699251503, 9980.445786508002, 31, 12788.1, 2550.6408390833863, 795.6837903617553, 10, 19, 1
40,3,546, 1420, 840.0, 0.009543972846725141, 0.4626347197775779, 0.012669768253907735, 9269.845363752569, 32, 21746.8, 9174.993491005866, 746.5079894253762, 1, 0, 1
40,4,398, 1019, 566.0, 0.012898244370466945, 0.4260153581761626, 0.01942698757110871, 6218.433481739139, 21, 10195.3, 2741.316619801514, 541.1730158982562, 1, 0, 1
34,3,501, 1317, 778.0, 0.01051497005988024, 0.4664835174609752, 0.0069622178745542655, 9331.861014627442, 24, 13075.6, 2940.6477245668175, 695.8476062150593, 1, 0, 1
34,13,437, 1058, 566.0, 0.01110574601641719, 0.4451763466637617, 0.001706822383683956, 5689.144766223996, 41, 37373.7, 18254.406328610086, 556.2044983460846, 3, 3, 1
34,5,455, 1182, 691.0, 0.011444062545384132, 0.46325373039658857, 0.0034641444358349217, 7426.364458900096, 41, 17476.8, 9761.632371688662, 627.3408069317637, 4, 5, 1
34,11,535, 1425, 849.0, 0.0099758479470755, 0.45276961875092797, 0.010374463507408657, 9311.789207868922, 28, 16135.3, 10187.116854635564, 755.3568784432598, 6, 6, 1
34,7,574, 1432, 808.0, 0.008707760974393589, 0.46754038644282647, 0.003315183959497767, 8608.835740737497, 39, 22233.8, 6325.524433594419, 752.7300588483472, 6, 8, 1
34,1,484, 1266, 735.0, 0.010831066167034546, 0.4546455266496602, 0.011027455618414084, 7809.798630741765, 31, 23845.1, 9483.40192599681, 673.9360542055832, 5, 5, 0
34,10,494, 1239, 678.0, 0.010174836373192303, 0.4163022649864762, 0.007420963475805916, 7002.6215490058585, 34, 23485.8, 7933.240117379532, 656.7106583912673, 2, 1, 1
34,6,485, 1197, 674.0, 0.010198517508733067, 0.4605725707716471, 0.0036313509260090106, 7952.056870263491, 33, 22303.7, 8682.76184229419, 624.9002074527117, 4, 5, 1
34,2,524, 1431, 895.0, 0.010443273539328302, 0.4906562163430423, 0.019260247210364595, 38520.55125869334, 19, 13956.8, 5008.684094650011, 744.3834822370476, 11, 18, 1
34,12,534, 1320, 736.0, 0.009275460083900752, 0.4634622036307437, 0.0024113609121788697, 7939.136942660073, 39, 24040.9, 10030.724185720592, 686.6233300200126, 3, 3, 1
34,4,481, 1242, 734.0, 0.01075883575883576, 0.47795600832038165, 0.009238689925066103, 8155.819873602193, 23, 13229.5, 4590.481788440076, 653.5118214623103, 3, 3, 1
23,2,153, 405, 254.0, 0.0348297213622291, 0.4709565307604521, 0.038170224940234164, 2749.1150930589465, 15, 2699.3, 1850.0593531019485, 214.93910875424265, 4, 5, 1
23,1,135, 352, 235.0, 0.038916528468767274, 0.536638628860851, 0.053188427873678557, 3579.0250158718395, 13, 3230.0, 1333.7207353865351, 183.60145794365008, 8, 10, 1
5,2,444, 1181, 756.0, 0.012008622618103431, 0.4915933415933421, 0.014239855188679186, 8637.646388438154, 22, 18638.5, 9441.292689563226, 614.4130042506276, 1, 0, 1
5,1,902, 2355, 1500.0, 0.005795482230879215, 0.5061894437171586, 0.007636371198175285, 17894.604689756845, 31, 34884.4, 10376.158954063878, 1208.786447712905, 9, 13, 1
5,3,573, 1552, 993.0, 0.009470459732239837, 0.4764275532393476, 0.016664644148981854, 11624.726748939862, 24, 18899.6, 5154.421232301451, 812.3918170184991, 4, 4, 1
5,4,865, 2256, 1407.0, 0.0060372511239563265, 0.49477696829080997, 0.010562729128312047, 17128.96639104496, 29, 39483.8, 11334.059200480648, 1159.6157384083622, 6, 6, 0
45,5,403, 1063, 647.0, 0.0131229707541696, 0.4671314348733708, 0.013035256795148005, 6854.289208969594, 28, 12782.6, 2544.0176964793304, 562.8909289453719, 5, 4, 1
45,6,377, 972, 584.0, 0.013714092217393758, 0.46579301924129585, 0.01201213522082551, 6028.418591042487, 27, 15018.7, 7512.302976451363, 514.1223090234326, 6, 7, 0
45,2,338, 869, 508.0, 0.015258195354063878, 0.4629221206144288, 0.004270788118526952, 5333.832023315263, 36, 9182.1, 2869.4512524174374, 460.0429173453198, 2, 1, 1
45,3,345, 925, 559.0, 0.015588136164475902, 0.44231193926846185, 0.012706620781855221, 5882.639290442687, 26, 11235.8, 5826.855649490556, 494.2731091954111, 2, 1, 1
45,4,273, 748, 456.0, 0.020146520146520148, 0.44390900105185865, 0.04221227652192093, 4925.985469680771, 17, 4328.4, 693.2294281116461, 402.292441767918, 1, 0, 1
4,5,248, 585, 268.0, 0.019100169779286927, 0.3877672581301615, 0.01939107909535552, 3489.183908230529, 24, 6739.1, 2244.8419298471777, 314.54966533590016, 6, 3, 0
4,7,261, 643, 369.0, 0.018950781019746538, 0.48347135297777677, 0.013469123789501583, 4066.257454528197, 23, 7352.1, 3259.648859923412, 336.13520089289864, 5, 7, 1
4,1,392, 1057, 664.0, 0.013792473511143587, 0.48212193135662584, 0.022831897046906954, 7568.048266004754, 20, 10916.5, 3493.7634221566864, 555.6791045605696, 1, 0, 1
4,6,259, 648, 323.0, 0.01939481009248451, 0.38827296684439533, 0.04934295578040565, 3394.7265348821993, 18, 5614.3, 2987.89849392512, 353.75256880687687, 1, 0, 1
4,8,352, 923, 522.0, 0.01494107744107744, 0.4324820854650406, 0.021230138589118125, 6020.708060429947, 17, 7901.7, 2563.8851397829817, 493.6203917950612, 4, 2, 0
4,3,249, 611, 291.0, 0.019788832750356262, 0.3673646968827695, 0.04211694114096282, 3065.5691507231763, 19, 3851.5, 1299.4044212638344, 334.36546059836405, 2, 1, 1
4,4,163, 401, 205.0, 0.03037188517761115, 0.40723611766556544, 0.07051432270939094, 2172.426539100007, 15, 2427.3, 1055.9908190888782, 217.61770495181318, 1, 0, 1
39,13,561, 1507, 944.0, 0.009593837535014006, 0.4662034143317573, 0.0029295912614826364, 11712.66679288191, 35, 24746.1, 7533.308004455945, 788.1728463790736, 4, 3, 0
39,5,609, 1505, 881.0, 0.008129159104658197, 0.4491315380477943, 0.005929663890237589, 11229.867396674545, 32, 21076.0, 6930.184340982569, 767.4464034199754, 1, 0, 1
39,14,650, 1732, 1009.0, 0.008211449567381771, 0.4397164352741277, 0.007567583964268115, 12987.414198249673, 32, 28757.3, 14580.90330569406, 917.1323511290813, 2, 0, 0
39,12,568, 1598, 1113.0, 0.009923739970688327, 0.4856468034320368, 0.017010349895717362, 19859.880962283467, 22, 18540.6, 5546.251837051757, 820.1324083608505, 8, 12, 1
39,7,567, 1523, 992.0, 0.009491402895407607, 0.4821677616339931, 0.0040152858937665134, 12602.013865951501, 26, 24059.6, 8095.792971661269, 783.441216747922, 1, 0, 1
39,11,636, 1744, 1051.0, 0.008636656267023226, 0.44069615744144114, 0.024511449940594558, 11816.172220303366, 23, 19331.0, 5887.955485565427, 929.4748066184188, 8, 6, 0
39,18,612, 1608, 1033.0, 0.008600494207502968, 0.4956533667188985, 0.002649485783732639, 13369.936529727593, 33, 25168.6, 10444.314483966864, 824.9855803986861, 5, 7, 1
39,16,612, 1666, 1020.0, 0.008910711038370612, 0.4425203246281687, 0.01209199809478817, 12225.975093779505, 20, 24701.2, 7961.160402855855, 875.2663452841812, 1, 0, 1
39,1,605, 1656, 1013.0, 0.009063543320015325, 0.4581856343839823, 0.025258811586261275, 11468.259747785856, 23, 14734.9, 6151.703966381997, 879.3427993288723, 1, 0, 1
39,9,641, 1684, 995.0, 0.008209828393135726, 0.45913505804301474, 0.006027904118942262, 12579.168921171397, 29, 17927.4, 4964.433748173098, 886.2370544040414, 6, 6, 0
39,6,697, 1708, 982.0, 0.007041672850805587, 0.47264812015845803, 0.0010305481068507874, 10796.12749395237, 57, 41509.7, 10992.203200905631, 880.3424854377478, 6, 7, 1
39,2,706, 1876, 1165.0, 0.007538223534848211, 0.47693423196255974, 0.0065410088515287885, 13549.479370903739, 32, 26742.2, 9701.528887757848, 975.8337576226488, 3, 1, 0
39,15,516, 1438, 973.0, 0.01082260856476255, 0.4806628074462413, 0.019277622955874634, 16930.035640074868, 20, 18105.3, 5653.3266144810705, 739.1352487373717, 10, 17, 1
39,8,552, 1429, 869.0, 0.009396617480733317, 0.47957236106549656, 0.003539271457626634, 10555.298221964216, 37, 20293.8, 8166.973941430204, 743.8092384398739, 6, 6, 1
39,3,627, 1708, 1096.0, 0.00870314036616374, 0.4697346999978577, 0.009286987875073854, 14323.698043545566, 29, 31182.6, 13404.713157691964, 888.7988292789161, 1, 0, 1
39,17,643, 1715, 1050.0, 0.008308987756960897, 0.46493977769249933, 0.004517639868757717, 12220.02552237265, 40, 30201.3, 16880.289594968446, 899.4788137775271, 1, 0, 1
39,4,592, 1573, 1012.0, 0.008991859880184753, 0.45960888773388797, 0.0049471737604948164, 13100.892091533005, 29, 22882.3, 8869.385672638213, 803.5095257741276, 9, 12, 1
8,5,473, 1295, 775.0, 0.011601031999140001, 0.449430655086047, 0.03744759459044347, 8905.52034813902, 16, 12133.8, 7857.288028321222, 690.0025373535544, 9, 11, 0
8,7,380, 914, 458.0, 0.012692681572003888, 0.41935672514619926, 0.0020550679519039786, 4725.594471333189, 36, 16016.1, 6789.99560309136, 486.88345778206934, 1, 0, 1
8,1,478, 1228, 662.0, 0.010771646360183504, 0.40664958008054386, 0.021266211841563746, 7137.343220966649, 31, 21763.3, 7905.029462943196, 658.0083667969593, 8, 8, 0
8,6,492, 1293, 716.0, 0.010704883016243604, 0.4283042950725885, 0.022984285206841055, 7870.682060516953, 22, 14857.3, 9161.04706952213, 693.5284262969388, 1, 0, 1
8,2,461, 1236, 744.0, 0.011657078185419221, 0.4662954482213684, 0.01849003722836361, 9003.65750365153, 22, 12969.8, 5114.428859608862, 654.0612155321023, 1, 0, 1
8,3,518, 1429, 914.0, 0.010671904288925565, 0.4792632346203778, 0.008687131849890827, 10825.52357364749, 22, 11660.2, 2797.2497135579442, 749.7909523959083, 1, 0, 1
8,4,448, 1203, 712.0, 0.012014621284755512, 0.4489298276128638, 0.010970278570706404, 7896.361806090068, 20, 9699.5, 2242.3353562747925, 639.9238769998328, 1, 0, 1
36,23,584, 1516, 903.0, 0.008905284428675485, 0.4558965387732515, 0.006616511312386764, 10048.671601070679, 31, 27386.7, 11620.759476471407, 792.5692086252759, 5, 5, 0
36,29,593, 1501, 882.0, 0.008551342235996537, 0.4699885508907436, 0.0051826615865921, 10476.79826961729, 36, 23462.8, 8144.2711251529445, 780.51474739967, 2, 1, 1
36,13,478, 1274, 768.0, 0.011175144513740867, 0.46043054868122657, 0.009095776000680336, 8825.087769192052, 20, 18972.2, 13342.796152231362, 670.0250359693678, 1, 0, 1
36,14,482, 1117, 443.0, 0.009635872706412125, 0.3262978110433892, 0.007472651169643033, 5253.634953984628, 33, 19661.0, 10641.158762089775, 603.4597869675785, 4, 5, 1
36,11,515, 1235, 560.0, 0.009330965962751691, 0.36374859013694066, 0.018548716054543123, 6623.619293826289, 30, 15682.0, 4988.097372746446, 665.2001663318784, 1, 0, 1
36,20,538, 1378, 805.0, 0.009539434971928586, 0.4610905925961699, 0.003270954980002908, 8740.610730131302, 41, 32662.3, 17257.158474383898, 721.7660718648224, 5, 7, 1
36,21,596, 1621, 970.0, 0.009142180362077717, 0.455044452192104, 0.01993581159368498, 10983.226076704615, 22, 13518.9, 5239.084737814421, 861.6747832413682, 1, 0, 1
36,18,590, 1549, 891.0, 0.008914851371183563, 0.44996685988211466, 0.009224796723167191, 9969.932380881524, 27, 17659.1, 5246.025894903684, 821.4714209275478, 10, 15, 1
36,27,533, 1384, 801.0, 0.009761740185360211, 0.46180105395540066, 0.0076061829395815605, 9621.441403352092, 23, 16933.2, 5464.084036689041, 727.260854397532, 3, 3, 1
36,12,447, 1054, 539.0, 0.010573730199335881, 0.43564946115281744, 0.0030158575582160617, 5652.200946704578, 41, 24017.7, 9835.337168089358, 550.9749073864915, 5, 7, 1
36,17,571, 1465, 838.0, 0.009002365809444803, 0.46194810249101054, 0.0038434651126645278, 9801.616715635393, 28, 19909.0, 9999.380490810418, 771.6896103042967, 1, 0, 1
36,5,431, 1103, 646.0, 0.011903091782226299, 0.46623110236547227, 0.00977293382387876, 7581.317479032552, 28, 16914.6, 5454.386201947933, 578.6834743336884, 2, 0, 0
36,15,422, 1023, 442.0, 0.011516249957785007, 0.33881750610075134, 0.02607383034837294, 5826.298016299094, 22, 17251.4, 8666.80890755069, 550.8369304193849, 1, 0, 1
36,24,505, 1335, 824.0, 0.010490334747760491, 0.4708889460374614, 0.004904912264469145, 8945.145463830642, 30, 20331.8, 9683.785032723516, 700.3265587482473, 1, 0, 1
36,8,534, 1187, 512.0, 0.008340887211810753, 0.36834849684141413, 0.0013445475585506861, 6222.560007955936, 48, 43833.5, 14440.118228394114, 612.6890477052453, 1, 0, 1
36,22,478, 1207, 716.0, 0.010587440681385578, 0.47274518833096346, 0.001217154846377905, 7933.967618050861, 47, 31319.1, 9327.864326307497, 626.0119070226219, 2, 1, 1
36,7,442, 1080, 561.0, 0.011081355619170745, 0.4132810502720013, 0.005974162363581416, 6321.8961558634555, 26, 25323.8, 10012.440949139225, 566.4054116630356, 1, 0, 1
36,16,416, 1091, 585.0, 0.012639017608897128, 0.40473536879786953, 0.03464128397949675, 6433.680260453543, 19, 8361.4, 1979.9852625714161, 590.4117837919722, 3, 3, 1
36,9,515, 1238, 652.0, 0.00935363227683125, 0.440094059123186, 0.003008002115861969, 7291.05435061293, 51, 37108.6, 25013.053548897224, 646.1998327083629, 3, 3, 1
36,25,613, 1652, 1010.0, 0.008807002953438036, 0.469100375788794, 0.00446066281110517, 11826.35030037399, 31, 27683.2, 14706.156784149964, 870.149573187144, 5, 8, 1
36,10,553, 1337, 644.0, 0.008759860576041093, 0.3881342487129118, 0.003853902744961752, 6872.422440263593, 43, 22892.1, 7668.243038010729, 716.057394368119, 6, 8, 1
36,4,533, 1385, 782.0, 0.009768793465840963, 0.44510444521205034, 0.023461831472283118, 8835.67477420491, 25, 16645.6, 7833.569980538887, 733.8945839909363, 5, 7, 1
36,1,433, 1193, 744.0, 0.012755538448379095, 0.47960636529498285, 0.030006625912042582, 9798.842955024053, 15, 9958.7, 3155.664369035465, 627.6558916646233, 10, 17, 1
36,26,529, 1359, 782.0, 0.009731053445609211, 0.47055249938047705, 0.008949714593841498, 8769.227732249843, 27, 11655.8, 2278.5058174163173, 717.1442617347441, 6, 9, 1
36,2,498, 1277, 731.0, 0.010318941763027967, 0.4654058681167121, 0.013465212469546912, 8248.616721656625, 27, 13667.7, 3245.1472709262366, 673.9332332765003, 6, 9, 1
36,3,518, 1293, 730.0, 0.00965624369879689, 0.4741102633959788, 0.0052259281219610995, 8635.269932992482, 39, 21245.5, 5599.47826587442, 674.8776951262865, 9, 8, 0
27,5,222, 559, 306.0, 0.02278749337572867, 0.42930787930787945, 0.035619354890736796, 3116.303564503658, 21, 4365.6, 1847.9664066210728, 301.90619725280624, 6, 5, 0
27,7,1254, 2658, 968.0, 0.0033832677172871235, 0.28847332005226806, 0.002336056805225847, 12763.461420205895, 62, 58436.8, 17901.53778757568, 1346.9784219245596, 2, 1, 1
27,1,752, 1638, 713.0, 0.005800776269937955, 0.3548125301117323, 0.0035238196133284606, 9392.042714365614, 45, 30493.0, 6296.609770344673, 818.3952738540613, 6, 9, 1
27,6,322, 768, 432.0, 0.01486039356823591, 0.43699284619087353, 0.008025089758866552, 5454.527243889518, 27, 11214.4, 4285.055803603963, 389.2264027769642, 3, 2, 1
27,2,316, 751, 384.0, 0.015089411291942937, 0.39462230807167564, 0.03094036715986026, 4425.073654363301, 18, 12252.5, 3351.9127449860625, 387.80539452353696, 1, 0, 1
27,8,807, 1932, 931.0, 0.005940575793076093, 0.38018468520327303, 0.013235189887845607, 11278.263216516683, 32, 31137.1, 6508.0069368432605, 1009.1328768138937, 2, 0, 0
27,3,246, 605, 322.0, 0.020076323212211714, 0.43211510711510737, 0.015947875969254954, 3427.681014176136, 24, 5918.8, 1442.5962567537738, 322.6986353131797, 1, 0, 1
27,4,220, 568, 317.0, 0.023578248235782483, 0.4239935064935066, 0.059288599767400606, 3368.5098359443286, 16, 5197.4, 2372.8723606633375, 305.5897191620212, 6, 6, 1
54,2,564, 1474, 910.0, 0.009284103649395966, 0.4861278300108092, 0.001433391296997444, 10163.696823379054, 50, 26894.0, 11387.39782391043, 766.6377351460386, 1, 0, 1
54,1,693, 1831, 1140.0, 0.007636230179582781, 0.486683926943666, 0.004845524085333977, 12678.020192076201, 41, 30284.6, 15189.471618196598, 954.9314922164912, 5, 7, 1
54,3,599, 1636, 1055.0, 0.009134510695082664, 0.4825897623059557, 0.010355200553973865, 11945.790075482008, 29, 17767.7, 3377.147703314144, 858.5283181008243, 9, 15, 1
48,23,310, 732, 415.0, 0.01528343250861259, 0.4783724340175959, 0.005515890337773725, 4330.417077477198, 33, 12179.6, 3555.8931423764693, 376.9333576947867, 6, 9, 1
48,13,409, 1033, 601.0, 0.012380746919794813, 0.4817246866146631, 0.005449282812697687, 6440.976337766267, 32, 14612.0, 6186.710062706996, 543.2132658756332, 3, 2, 1
48,30,236, 577, 312.0, 0.020807789397764155, 0.44784466945483914, 0.0396966791944629, 3403.0164041745447, 16, 5743.5, 2026.4412278672185, 303.9258988909285, 1, 0, 1
48,14,269, 676, 404.0, 0.01875381457027132, 0.4830440934530158, 0.006657403573986132, 4314.463170421411, 25, 9602.2, 4466.991824483228, 351.11383765039477, 2, 1, 1
48,11,389, 1018, 608.0, 0.013489518458643627, 0.4638328395397808, 0.012074686123293219, 6635.293167536437, 23, 9506.8, 2729.554132088243, 538.0782515508306, 4, 2, 0
48,20,276, 656, 357.0, 0.017285902503293808, 0.43496907681690344, 0.011771956982618558, 3778.383163093506, 24, 12288.7, 7329.322056643438, 337.2934101066511, 3, 1, 0
48,29,152, 339, 177.0, 0.02953990937608923, 0.45766641983747236, 0.0054369149711056145, 1862.7935879325382, 22, 4559.7, 2598.9125437382463, 172.83272308259652, 1, 0, 1
48,21,303, 690, 374.0, 0.015080978296505147, 0.494321336895595, 0.006208992280220549, 3793.239738706329, 34, 13443.6, 5807.958560458227, 350.12584710100083, 2, 0, 0
48,18,212, 482, 249.0, 0.021550567826164713, 0.46439802336028774, 0.016139386366884147, 2711.1795842383867, 24, 7727.7, 2990.6231474393426, 247.59376521113433, 3, 2, 1
48,27,246, 637, 370.0, 0.02113821138211382, 0.4675921864946258, 0.00811410476329734, 4523.464675924793, 20, 7344.8, 3538.313123509563, 337.15928683812916, 1, 0, 1
48,12,304, 764, 419.0, 0.016588500955358694, 0.440074143692565, 0.03797610803182699, 4605.5019881495155, 19, 7609.0, 3160.5238173442076, 404.0228067363043, 4, 4, 1
48,17,316, 826, 500.0, 0.01659634317862166, 0.47892943905602203, 0.005574820245868491, 5609.386595630062, 25, 9119.8, 2319.3477445178414, 433.76226516952363, 5, 8, 1
48,5,250, 599, 330.0, 0.019244979919678714, 0.4770354978354983, 0.00851338090882004, 3483.6099959316884, 33, 15295.6, 12713.0491480211, 311.68188788358975, 9, 16, 1
48,6,313, 760, 414.0, 0.015564839845990006, 0.42205916199526483, 0.00639753829288713, 4459.388224657725, 30, 13564.8, 8022.507735116246, 395.70305787390714, 1, 0, 1
48,15,270, 671, 389.0, 0.018477213272752306, 0.4634244562022342, 0.005582400332115422, 4096.674334393391, 29, 9820.4, 3878.1369805616714, 351.3942170388275, 5, 6, 1
48,8,266, 689, 409.0, 0.019548872180451128, 0.46631757966344495, 0.0176994922264704, 4341.055318192291, 24, 7257.8, 3404.871445444013, 366.1634116918793, 3, 2, 1
48,24,229, 516, 262.0, 0.019765571133072857, 0.44989287762213553, 0.00863092320048371, 2830.4491437254105, 21, 7714.6, 3176.8100100572588, 263.9353228377187, 5, 7, 1
48,22,223, 542, 307.0, 0.02189633579768109, 0.48530565100071843, 0.0066555296316376045, 3343.175667829843, 23, 13371.1, 7380.702194913434, 282.33659911803335, 6, 9, 1
48,7,181, 408, 201.0, 0.025046040515653775, 0.4182627378759973, 0.014655979118934771, 2028.8068665814408, 23, 5309.6, 2636.013892224394, 212.98021235148997, 6, 7, 1
48,16,166, 422, 239.0, 0.03081416575392479, 0.43419234714415433, 0.06439974904699457, 2744.2255398499856, 14, 3135.6, 2262.011503065358, 224.5120190319448, 1, 0, 1
48,28,237, 545, 303.0, 0.019487949653150254, 0.44360056258790453, 0.0058931338503010015, 3209.1890796940866, 30, 8591.9, 2373.153911991382, 274.235376737085, 1, 0, 1
48,10,239, 579, 334.0, 0.020357933968566506, 0.4883296155262687, 0.005417694555619908, 3581.5891731415486, 33, 6973.0, 2348.857254070583, 300.2468320276622, 6, 7, 1
48,25,242, 629, 370.0, 0.021569905010116252, 0.45232520005247306, 0.02848350457770585, 3995.044704651774, 21, 5475.3, 2205.160132507388, 334.3830067426566, 8, 9, 0
48,9,133, 302, 155.0, 0.03440419229892914, 0.44138321995464835, 0.02696184211379567, 1561.595976338644, 20, 3978.1, 1831.3961586723938, 158.14014661515077, 1, 0, 1
48,4,353, 938, 578.0, 0.015097862477465878, 0.4588358289491444, 0.016830448008273425, 6168.789805095478, 25, 8767.5, 3144.9807392097014, 497.3414012393392, 5, 7, 1
48,31,233, 607, 368.0, 0.022458191505105817, 0.4864543658535078, 0.021187230698041157, 4058.5504877358862, 22, 4560.6, 852.2838963631779, 321.05177634960944, 2, 1, 1
48,19,377, 957, 559.0, 0.013502454991816694, 0.4828238810997439, 0.00506559081726332, 6069.2090239675335, 31, 15082.0, 8252.001563257243, 501.689118179937, 4, 5, 1
48,1,307, 828, 507.0, 0.017627898064763364, 0.45707399730201137, 0.02211976434488423, 5657.35622666033, 18, 6438.2, 2244.072182439772, 439.0969049478467, 6, 9, 1
48,26,272, 646, 346.0, 0.017527675276752766, 0.4731705182072832, 0.004442800951163583, 3556.216241822827, 33, 12683.2, 5701.557222373552, 337.512327681136, 3, 3, 1
48,32,189, 410, 191.0, 0.023077789035235843, 0.39331065759637207, 0.008591453676208186, 1972.742601886519, 25, 9480.4, 4361.244803952193, 209.90821216577618, 5, 7, 1
48,2,231, 534, 278.0, 0.020101637492941842, 0.4394836764966635, 0.005461428416204656, 2987.475331491604, 30, 8545.9, 4750.67141465288, 273.50568142705197, 1, 0, 1
48,3,191, 427, 193.0, 0.023532653623587765, 0.4181500872600351, 0.01879108889693267, 1968.619513081421, 20, 6111.3, 2872.3885548442086, 226.59450719589856, 1, 0, 1
35,2,474, 1282, 786.0, 0.011436115645712348, 0.46970016621915445, 0.01958851487541003, 9158.871430584435, 18, 11594.2, 3704.480174059513, 674.8136262538738, 1, 0, 1
35,1,459, 1207, 655.0, 0.011483098819343361, 0.41813006649608014, 0.03729639591702094, 7348.0684079180255, 15, 9851.0, 5239.6011680279635, 649.5848506300985, 3, 2, 1
35,3,515, 1406, 880.0, 0.01062294586528654, 0.4695094764997684, 0.00966556036687553, 10037.202721379826, 26, 23888.0, 16164.803011481457, 739.8644213938006, 1, 0, 1
47,5,192, 509, 305.0, 0.02775959860383944, 0.4497444684944689, 0.06758816637817294, 3475.4174325232116, 15, 3550.6, 1335.067204300967, 271.4006420260488, 1, 0, 1
47,1,226, 612, 391.0, 0.024070796460176992, 0.45783385739138005, 0.03443828678745561, 4408.596964461597, 21, 5345.0, 4064.4248055536714, 325.9125598950638, 4, 3, 0
47,9,165, 420, 236.0, 0.031042128603104215, 0.43845117845117837, 0.08469975233900881, 2489.008735341137, 17, 5299.8, 4253.891954434198, 225.01000668565052, 4, 5, 1
47,6,259, 681, 426.0, 0.020382508754601777, 0.4728501228501233, 0.015903902580901758, 4411.244135868709, 23, 6722.6, 4089.661213352519, 361.284383001461, 5, 7, 1
47,2,192, 533, 360.0, 0.02906849912739965, 0.4789813196063201, 0.05974680829732798, 4638.472741053597, 15, 3799.4, 2112.269783905456, 281.78845790142793, 2, 1, 1
47,8,273, 723, 457.0, 0.01947317388493859, 0.477711441997157, 0.02060254800580099, 4978.959995498149, 27, 10673.0, 8417.539486096872, 379.88694778154695, 7, 8, 0
47,3,255, 668, 435.0, 0.020626833410529566, 0.49095662507427246, 0.0022517755236926493, 4960.75032641585, 30, 11572.2, 5940.970270923766, 346.24295439445905, 1, 0, 1
47,4,363, 951, 583.0, 0.014474224921236473, 0.4731512289363538, 0.00716873838833853, 6163.603070760451, 32, 8558.3, 1306.8778098965488, 502.6877677294152, 4, 3, 1
28,2,471, 1247, 769.0, 0.011266205899625062, 0.4781116736530757, 0.010417890900285002, 8453.315831185613, 29, 12023.4, 1670.2912440649388, 656.2842390557049, 15, 25, 1
28,1,507, 1391, 870.0, 0.010844228235532584, 0.4590993928272043, 0.02296395490965895, 9637.620638065453, 25, 13179.9, 5872.872337280965, 738.687464457993, 1, 0, 1
28,3,563, 1528, 963.0, 0.00965847676719152, 0.4687603002878323, 0.0065876422645113255, 10492.470581208558, 38, 18766.5, 6831.009211675827, 807.4541064730031, 1, 0, 1
28,4,428, 1175, 734.0, 0.012858674954584254, 0.46208968860838084, 0.02063691688311248, 8340.124815054656, 23, 11081.7, 2375.344945476341, 622.4916020721106, 8, 10, 1
19,5,716, 1536, 453.0, 0.006000703207407118, 0.316354083532854, 0.0054858969397630275, 6088.58076451712, 50, 25300.7, 8793.99234762005, 833.8743832555823, 1, 0, 1
19,1,397, 905, 393.0, 0.011513116047121085, 0.40130560735094756, 0.006914734647966795, 4588.164981470004, 34, 12268.9, 4971.00159826971, 479.36356221231324, 1, 0, 1
19,2,393, 954, 477.0, 0.012385106714441502, 0.4031497481879165, 0.009103410649646483, 5481.423948929494, 32, 12410.4, 3527.5543142522984, 506.16959446525107, 3, 0, 0
19,3,389, 915, 411.0, 0.012124665412238623, 0.3624658260905053, 0.01051720589252289, 4772.716953490375, 27, 11884.1, 4513.421084942109, 488.2092952363155, 5, 3, 0
19,4,630, 1358, 443.0, 0.006853912736265677, 0.3193164066973588, 0.006938126800814117, 5852.343902274446, 44, 25264.5, 6677.565293578192, 724.5620658275327, 2, 1, 1
11,98,143, 372, 212.0, 0.03663941692110706, 0.4370523415977958, 0.07835290875687305, 2204.78510084387, 13, 1777.8, 552.5706832614268, 202.5455433530635, 1, 0, 1
29,5,598, 1554, 826.0, 0.00870573603804978, 0.4150198834981456, 0.01918252114313934, 9171.828467054374, 23, 14007.2, 3752.5678354961155, 836.2626057076112, 4, 2, 0
29,7,314, 863, 542.0, 0.017561710180907998, 0.43995505556015146, 0.027289752666713428, 6114.571161137857, 18, 6904.6, 1799.028915832094, 459.2591259663765, 7, 9, 1
29,1,835, 2259, 1372.0, 0.006487743936587257, 0.47891437004152654, 0.01659966841503695, 16973.85625376029, 26, 20900.6, 3487.986903645138, 1183.15847503684, 6, 8, 1
29,9,466, 1223, 787.0, 0.011288015136831418, 0.5015464268683155, 0.015032039023869868, 8979.117741690936, 23, 18062.5, 7408.876625373107, 633.7925789758257, 4, 5, 1
29,6,490, 1247, 721.0, 0.010408580610158173, 0.4618513119533537, 0.006444688098511774, 7475.302792450279, 33, 16993.8, 8413.247634534478, 659.6625496144279, 4, 5, 1
29,2,674, 1723, 1006.0, 0.007596968267335682, 0.4798151310313579, 0.004200771892273235, 12013.424491194728, 32, 33366.4, 11487.28255245774, 894.3608587991157, 2, 1, 1
29,8,501, 1311, 814.0, 0.010467065868263473, 0.48696056660128556, 0.016842936811360315, 9120.11133494573, 25, 12469.7, 3300.2803229422802, 685.7713546584249, 5, 7, 1
29,3,507, 1292, 758.0, 0.010072424788143852, 0.4669194053809449, 0.0063636567184523546, 8480.767267097688, 39, 25254.7, 7519.496552961508, 674.524949401045, 10, 13, 0
29,4,428, 1077, 637.0, 0.011786206745606164, 0.47111283057544817, 0.01363648060172388, 6764.327342215814, 26, 13978.7, 5075.062325725666, 562.7936691733269, 9, 15, 1
46,0,902, 2359, 1500.0, 0.0058053259374284795, 0.5091532541773827, 0.007752942814015909, 18154.901971011503, 29, 35104.3, 7785.916054646363, 1217.0623862591717, 13, 26, 1
12,13,346, 892, 524.0, 0.014945128591773478, 0.4704911177454537, 0.03253425412709126, 5708.671327698705, 21, 9074.8, 3234.379841638888, 469.5483980513611, 7, 11, 1
12,11,294, 661, 332.0, 0.015346753035685263, 0.4655353339026815, 0.0038345821671502073, 3553.3584336226627, 33, 15105.3, 7634.608137291657, 337.44682144901105, 3, 3, 1
12,20,396, 858, 437.0, 0.010970464135021098, 0.4757778093175413, 0.0021145199435804907, 5138.509848034539, 60, 36813.1, 20386.25756459483, 423.13594696752176, 1, 0, 1
12,21,339, 746, 369.0, 0.01302124242900281, 0.4459854632421007, 0.004459534526397689, 4180.525499776462, 42, 14526.2, 10278.406207189906, 373.19926997103295, 1, 0, 1
12,12,270, 667, 384.0, 0.018367065950709072, 0.4699532360643476, 0.007125432344144095, 4130.193340477717, 25, 9157.7, 3589.7840338939614, 346.3618954743794, 3, 3, 1
12,17,351, 800, 393.0, 0.013024013024013023, 0.43780039207389687, 0.014745501982872125, 4665.245679286915, 24, 13252.7, 7413.502897416309, 406.3629481647638, 1, 0, 1
12,5,423, 1063, 622.0, 0.011909963810740255, 0.4594782811094876, 0.02535026217138443, 7123.544037348756, 20, 13114.0, 3611.076072308641, 548.0529529792877, 1, 0, 1
12,6,323, 801, 470.0, 0.015402957521681441, 0.4794403566849389, 0.0051449718248368385, 5097.83365148909, 35, 17923.4, 6218.219587631173, 415.52575182996776, 4, 5, 1
12,24,456, 1034, 567.0, 0.00996722575669944, 0.4420930828377817, 0.005758943845261143, 7399.579470332988, 29, 16100.3, 3915.0839595084035, 499.9446782114091, 7, 12, 1
12,15,538, 1251, 726.0, 0.0086602562771282, 0.5166645843059875, 0.012131693767262915, 12036.321626378396, 18, 21078.3, 10033.374607279447, 595.887516036575, 1, 0, 1
12,8,242, 565, 301.0, 0.019375192894619527, 0.4600255804801261, 0.005412891487560811, 3015.60201960963, 33, 10032.0, 5313.624168117275, 293.9992128194423, 3, 3, 1
12,22,483, 1045, 531.0, 0.008977431853130933, 0.4809753570623143, 0.006674008038612989, 7218.293128812831, 32, 37041.5, 13904.921281690162, 514.6809244264075, 1, 0, 1
12,7,478, 1101, 617.0, 0.009657640588405568, 0.4696884231650803, 0.001994271648937915, 7619.407870868117, 33, 23583.1, 8312.629060050736, 539.2701406438572, 7, 12, 1
12,16,451, 1101, 633.0, 0.010849963045084997, 0.4765860315358173, 0.001225895701415295, 7279.315184163495, 40, 30422.0, 13683.30063983102, 563.4014895925712, 1, 0, 1
12,25,430, 1060, 570.0, 0.011492383585406841, 0.43444077240588935, 0.017479246375835516, 6251.322630027209, 17, 13652.2, 3973.2768290165736, 558.4898638033934, 3, 3, 1
12,4,274, 652, 361.0, 0.01743268896553568, 0.46345949265657366, 0.0058354079589638865, 3853.7454149355867, 35, 15576.7, 8339.94802202028, 335.31430474344654, 3, 3, 1
12,1,449, 1200, 678.0, 0.011931275851097677, 0.42608600514675377, 0.018837368675060855, 8383.934182943794, 20, 10554.7, 3193.433545574418, 643.4235812184933, 1, 0, 1
12,2,428, 1106, 657.0, 0.012103569787038455, 0.47057366309702825, 0.012435389091736996, 7230.712319726272, 29, 18408.6, 9761.337891908055, 580.2473715579545, 11, 20, 1
33,2,209, 523, 307.0, 0.024061464850938536, 0.4690590111642747, 0.013508365891391792, 3063.735208857804, 29, 6214.0, 1278.1080548998978, 277.5482303193036, 8, 13, 1
33,1,118, 294, 175.0, 0.042590178183398525, 0.4878262039278986, 0.03637856030796297, 1775.9332708559866, 14, 2478.2, 1026.7503883612608, 156.76151927359783, 1, 0, 1
1,5,244, 660, 428.0, 0.022262699858328273, 0.47243630686253657, 0.020120897146643512, 5313.911077089844, 20, 8344.3, 3580.7786597331033, 346.32430736513163, 1, 0, 1
1,7,331, 822, 481.0, 0.015050810216973359, 0.46191217309042143, 0.002599903879136497, 5116.047083368275, 39, 21285.2, 14796.999883760222, 425.5262278123128, 2, 1, 1
1,1,240, 611, 357.0, 0.021304044630404462, 0.4509722222222226, 0.021026448522649437, 3742.096756239436, 19, 7760.4, 2085.665227211692, 323.37693718056585, 5, 8, 1
1,6,209, 502, 295.0, 0.023095325726904675, 0.4737256364050627, 0.00843677149385851, 3143.880265260975, 27, 10600.6, 5851.647532105809, 257.8542191094574, 5, 7, 1
1,2,364, 965, 593.0, 0.014606605515696425, 0.46242566956852743, 0.010435968022290859, 6426.632876103669, 29, 12019.7, 9562.392828680488, 511.33165691405776, 6, 9, 1
1,3,242, 608, 361.0, 0.02084976509721889, 0.4667417981467577, 0.01900084508381422, 3807.2965510933896, 29, 9529.1, 6851.044934168802, 319.1281311561838, 8, 12, 1
1,4,363, 954, 586.0, 0.01451988493676088, 0.455714762739557, 0.014394024646661749, 6313.180045584406, 27, 14034.9, 6581.819709624384, 501.46850922204663, 5, 7, 1
6,38,171, 334, 161.0, 0.022979016167870656, 0.49109850513359293, 0.013781260557001147, 2043.6614328489652, 20, 6722.8, 2831.7560558776954, 153.97580391655111, 2, 1, 1
6,44,288, 684, 391.0, 0.016550522648083623, 0.5352890276858826, 0.01180203500964505, 5822.451066391769, 18, 9618.3, 4160.108797856133, 343.0487613100583, 18, 35, 1
6,53,140, 286, 139.0, 0.029393627954779036, 0.4525384932527789, 0.02025406763531699, 1767.5260900981662, 18, 4181.8, 1687.8133664596924, 136.2826096082744, 3, 1, 0
6,13,147, 328, 170.0, 0.030565650917901407, 0.48779856709028363, 0.0614341306237328, 2177.6856664499337, 12, 2970.1, 644.1910353303591, 162.4856192884306, 1, 0, 1
6,30,121, 246, 128.0, 0.033884297520661154, 0.5380808356014969, 0.027025751871789093, 1773.8579764800859, 13, 2966.7, 971.8102746935741, 117.04507175156839, 3, 3, 1
6,14,325, 713, 395.0, 0.013542260208926876, 0.5191715823100441, 0.014303085536499015, 8794.89247907596, 17, 14473.6, 4576.390984170824, 336.9595692072444, 4, 5, 1
6,11,461, 1020, 558.0, 0.00961991889087994, 0.5014625714529343, 0.004616960592515174, 7733.429804728473, 32, 29349.3, 9052.08872084228, 492.4097127819008, 1, 0, 1
6,20,958, 2231, 1168.0, 0.00486689659535387, 0.47911100718112865, 0.0009117015388841847, 15969.17082604427, 46, 86027.2, 44495.43971195251, 1113.3122544561097, 2, 0, 0
6,49,762, 1801, 993.0, 0.006211608568639827, 0.5160924182181588, 0.005774918245871924, 15305.208076611201, 30, 31268.9, 9973.202118176489, 890.2521557526837, 1, 0, 1
6,29,105, 208, 108.0, 0.0380952380952381, 0.5087442994209911, 0.034173049689590805, 1321.4841349854614, 11, 2964.2, 899.5550900306218, 97.4250177931395, 4, 5, 1
6,21,814, 1997, 1112.0, 0.006035220057360279, 0.4970529109071568, 0.009846435550104416, 15652.859266963067, 23, 29052.0, 4297.833198252347, 1010.9855982884148, 4, 2, 0
6,18,440, 988, 511.0, 0.010229861254918203, 0.45664974471458436, 0.00272110287102055, 6850.068546493465, 31, 24625.3, 4742.7331792965115, 481.7905369625399, 3, 2, 1
6,27,99, 194, 78.0, 0.039991754277468566, 0.4151853197307744, 0.025881872124805447, 995.9192282338945, 14, 1932.6, 916.6800095998602, 94.55878767662244, 1, 0, 1
6,17,497, 1255, 740.0, 0.010182060102550789, 0.4866187960745075, 0.02421256393028182, 10258.348463178081, 17, 17674.4, 4648.3916401267215, 632.0634731612176, 3, 2, 1
6,43,240, 531, 265.0, 0.018514644351464434, 0.4451152102255046, 0.02890420263383795, 3629.6790055316224, 16, 6479.7, 2333.2107941632707, 264.3450722194273, 1, 0, 1
6,51,246, 535, 281.0, 0.017753442840550856, 0.511031317372781, 0.0018236898401413919, 4978.919903091251, 27, 10955.0, 7663.838176788443, 253.92734346802897, 2, 1, 1
6,5,232, 502, 219.0, 0.018734139423794597, 0.40995132740822404, 0.018937403958866086, 2621.411178734896, 24, 9331.8, 5633.671499120267, 254.58969460985705, 1, 0, 1
6,52,757, 1831, 1028.0, 0.006398831365806267, 0.5154132239665562, 0.0168245658782064, 16782.075742901245, 22, 28552.9, 7542.1758591271255, 913.0553361686398, 3, 2, 1
6,50,493, 1214, 727.0, 0.010010059532644009, 0.5397703105822664, 0.021934554484510108, 12879.448920443418, 19, 18251.1, 8033.220256534735, 601.8373404334496, 3, 3, 1
6,36,66, 107, 39.0, 0.049883449883449886, 0.386495743313925, 0.023492647809447636, 487.0323944207013, 14, 1150.3, 310.4290740249695, 45.76321382350292, 1, 0, 1
6,47,97, 171, 68.0, 0.03672680412371134, 0.37888062079597606, 0.04521051803307134, 886.5410154925517, 11, 2436.8, 682.1669590356895, 75.68854871869831, 7, 11, 1
6,6,359, 846, 497.0, 0.013165061234652433, 0.5063322568849689, 0.04411713287974561, 8666.328396188093, 12, 8950.7, 2351.904592027491, 406.7622423547389, 12, 18, 0
6,39,121, 213, 91.0, 0.02933884297520661, 0.45120210368144215, 0.0054165458170369165, 1061.2936279556595, 23, 4412.1, 2254.5041339505237, 92.20110433075241, 4, 5, 1
6,35,110, 229, 108.0, 0.03819849874895746, 0.4513946659401204, 0.061633818718878235, 1373.684160710355, 14, 2749.1, 1054.8084612857447, 113.63330790641498, 1, 0, 1
6,15,217, 377, 154.0, 0.016086362860556407, 0.44461838292965006, 0.01118352070546277, 3115.240697512194, 19, 7238.0, 2603.747914065415, 154.4863949163009, 7, 9, 1
6,8,73, 173, 99.0, 0.06582952815829528, 0.5148421593627072, 0.08835754183051592, 1169.0151653553946, 11, 1050.8, 442.42712394246354, 90.85930660477051, 1, 0, 1
6,48,284, 678, 383.0, 0.016871547305031605, 0.5156068008044419, 0.03268214283048425, 5594.223662028745, 19, 7349.2, 1886.3630509528116, 341.6154400034496, 14, 17, 0
6,22,835, 1865, 959.0, 0.00535619408664685, 0.4715297125706649, 0.005002176237627677, 14001.977159951806, 30, 35004.0, 10709.981988780373, 905.1938848476112, 1, 0, 1
6,7,368, 841, 496.0, 0.012454093116929273, 0.5432692658448418, 0.0037773756653946148, 8262.167081182577, 24, 19409.0, 13864.877568878854, 402.16296345215505, 1, 0, 1
6,16,313, 660, 339.0, 0.013516834603096583, 0.49590540879424966, 0.03253330342501442, 5610.131877050278, 15, 9852.6, 4663.09809461478, 306.48813307572453, 4, 5, 1
6,42,195, 417, 227.0, 0.022045995241871532, 0.5413800429589902, 0.017068742574435324, 3214.73932559154, 19, 5437.0, 1854.5666340145344, 200.2523542006664, 7, 12, 1
6,9,158, 379, 203.0, 0.030557123276626623, 0.4736688768334337, 0.0312625202406815, 2329.324401355044, 14, 3333.1, 1041.2601452086794, 200.23639792540627, 1, 0, 1
6,25,377, 858, 451.0, 0.01210564930300807, 0.4725135747912827, 0.008141692173646745, 6454.20246892951, 27, 12862.6, 3701.7178768782474, 428.19520943200365, 6, 9, 1
6,28,47, 87, 37.0, 0.08048103607770583, 0.43976697061803444, 0.10974825777290452, 376.90151914506833, 10, 804.0, 262.72266746514276, 42.94202806915769, 1, 0, 1
6,34,106, 216, 99.0, 0.03881401617250674, 0.417957775976644, 0.03884989983340053, 1278.4612800892323, 15, 2290.5, 1038.9241791391707, 106.92300421018085, 3, 3, 1
6,4,539, 1315, 789.0, 0.009069528453490216, 0.552620200097289, 0.013129187410010859, 13359.76051442417, 21, 16152.3, 5580.563108683567, 648.968412192531, 5, 7, 1
6,37,177, 391, 209.0, 0.02510272213662044, 0.4990359811895207, 0.04883964571452631, 3001.420938810647, 13, 3901.1, 1218.7185442094496, 192.6226438082657, 6, 9, 1
6,33,98, 175, 72.0, 0.036818851251840944, 0.43896675886471803, 0.019045494528091456, 904.4237218688193, 14, 3307.3, 2766.471798157357, 79.18578974067272, 1, 0, 1
6,31,139, 266, 120.0, 0.027734334271713065, 0.4746943304497261, 0.025141453405195944, 1543.5975420970524, 12, 3842.3, 1166.6877945705955, 124.40896216746016, 1, 0, 1
6,19,467, 1061, 566.0, 0.009750852395437961, 0.5040986315611586, 0.006768189202219981, 7957.060360177002, 30, 20309.3, 7723.692394832927, 522.37822992029, 4, 2, 0
6,40,196, 416, 226.0, 0.021768707482993196, 0.510408366643361, 0.009748518470989459, 3160.3389024386925, 18, 6961.5, 4767.169815519476, 196.34569925060802, 1, 0, 1
6,1,626, 1484, 856.0, 0.0075859424920127795, 0.519246644607075, 0.0065758835174105764, 14006.015889387518, 21, 28126.7, 9606.860871793657, 720.6216708572694, 7, 10, 1
6,26,336, 722, 381.0, 0.012828713574982232, 0.5124345955615306, 0.013495451078419759, 5334.77627469598, 20, 10318.3, 3129.189289576455, 348.50672598149765, 1, 0, 1
6,32,216, 440, 235.0, 0.018949181739879414, 0.5112861001719696, 0.01350681790756958, 4106.1495467128125, 19, 6676.8, 2353.310935681896, 202.01274955902275, 7, 10, 1
6,2,435, 1081, 659.0, 0.011451877747762063, 0.48998041624816485, 0.012591218647577762, 9447.636007716479, 22, 21673.7, 12877.710860630472, 534.9115422335125, 1, 0, 1
6,3,427, 933, 456.0, 0.010258270937097998, 0.46241805943211106, 0.006496520777040878, 5726.323371668997, 35, 22058.8, 5732.835664834637, 461.9624518645183, 5, 6, 1
56,0,497, 1367, 937.0, 0.011090737976244564, 0.49466803333829007, 0.02181466528401668, 14193.56698308859, 19, 16224.2, 3009.79214564727, 691.4670473090024, 2, 1, 1
15,1,153, 385, 224.0, 0.033109735122119024, 0.46550472040668134, 0.021057934504128534, 2363.7870907401375, 20, 5558.7, 4692.89874278148, 203.9835977740096, 1, 0, 1
31,2,434, 1212, 750.0, 0.012898968721065123, 0.4479906869883833, 0.041123548934398235, 9190.64379156723, 16, 7237.0, 1956.497738306896, 646.0146122067245, 11, 15, 1
31,1,561, 1439, 824.0, 0.009160937102113572, 0.4490700228668151, 0.010040517211141348, 10112.064851780926, 24, 21295.0, 6915.002357194103, 753.8088257411799, 3, 1, 0
31,3,657, 1722, 1062.0, 0.007990867579908675, 0.48001250323973965, 0.013352226635241769, 12763.66691756328, 26, 22046.0, 4672.371111116924, 891.863504953681, 7, 9, 1
25,5,194, 506, 300.0, 0.027028470701351424, 0.4491040746195385, 0.023600935294455682, 3097.9168048523816, 21, 4141.6, 1740.328256393029, 270.98430173016993, 8, 13, 1
25,7,221, 551, 315.0, 0.022665569724393254, 0.46051856640091965, 0.013173882904392786, 3184.0931552366455, 29, 5463.1, 2181.6330328448917, 291.9736328556034, 12, 20, 1
25,1,256, 670, 412.0, 0.020526960784313725, 0.4775948660714292, 0.014048241474400739, 4274.543538383917, 23, 5412.9, 1723.6241730725408, 355.4705829971893, 7, 9, 0
25,10,203, 546, 364.0, 0.026630249231819735, 0.5195094100691925, 0.038408971338586, 12089.655368125063, 11, 5958.5, 3244.748225979945, 281.3698335139692, 7, 7, 0
25,9,225, 550, 318.0, 0.021825396825396824, 0.47521340388007094, 0.008585333713952054, 3139.4110503004867, 25, 9271.7, 6718.786111344816, 289.30274806416566, 4, 5, 1
25,6,203, 550, 364.0, 0.026825342632785448, 0.5178227605797119, 0.04445676701889831, 17535.067027273722, 16, 3782.3, 1613.1501511018744, 287.2554158543744, 2, 0, 0
25,2,219, 549, 319.0, 0.022998617569435716, 0.4740197144306738, 0.01181534185741406, 3233.533923945909, 25, 6975.4, 2622.5733240464415, 291.004931006673, 6, 9, 1
25,8,245, 630, 382.0, 0.02107728337236534, 0.47870129870129924, 0.017069896767201345, 3965.4229261134587, 23, 5778.6, 1953.9480136380294, 333.4901658851701, 13, 22, 1
25,4,209, 516, 300.0, 0.02373941847626058, 0.4748962745992942, 0.0039630639253072225, 4028.041889957484, 29, 9203.7, 8180.2730400641285, 268.71902259510335, 2, 1, 1
18,5,629, 1631, 1000.0, 0.008257976972851458, 0.45574160962796967, 0.004338794684480878, 14903.637853853836, 38, 36478.6, 19172.921291237806, 841.158228988839, 1, 0, 1
18,7,445, 1157, 650.0, 0.011711711711711712, 0.43039442455172877, 0.027040201018463356, 7047.660115690621, 22, 13096.1, 4983.393732186932, 616.2115525217795, 2, 1, 1
18,1,757, 2075, 1238.0, 0.00725154291864992, 0.44988325193080797, 0.020826377770926035, 14948.350858646305, 26, 18026.6, 3197.8621358651467, 1100.5689763931912, 7, 12, 1
18,9,596, 1604, 1059.0, 0.009046303084992387, 0.4909498592384499, 0.011986043927721202, 13414.812599691419, 29, 27226.2, 17609.372105785034, 830.0461757502541, 11, 16, 1
18,6,571, 1472, 879.0, 0.009045380526623037, 0.458012108537503, 0.008554693381137521, 10272.948230566573, 29, 39141.4, 22137.93197297345, 761.9508110567817, 4, 5, 1
18,2,545, 1456, 887.0, 0.009821910415542364, 0.45840534592828264, 0.008517262764147045, 10710.7718330148, 28, 22990.0, 13973.248047608688, 764.0080409631582, 3, 2, 1
18,8,641, 1717, 1052.0, 0.008370709828393136, 0.46078175594556303, 0.005373909354164757, 11977.18387622914, 37, 15752.3, 5117.437582423453, 905.7322558509003, 7, 7, 0
18,3,570, 1492, 852.0, 0.009200505657817656, 0.447641383957174, 0.016660519603954697, 10343.305324279745, 24, 23478.6, 11167.899625265263, 787.3726109272332, 2, 0, 0
18,4,567, 1506, 959.0, 0.009385458148709032, 0.4690978940229525, 0.0045732665724193345, 12746.554246324173, 32, 21200.7, 8059.81927899131, 775.2279871721784, 2, 1, 1
26,13,332, 845, 465.0, 0.015378735485749645, 0.4328461030268266, 0.01164288797944035, 4824.90590022192, 26, 7839.0, 3599.9885833152307, 453.4017281253032, 2, 0, 0
26,5,353, 914, 514.0, 0.0147115632243111, 0.42630963622465073, 0.011222702162171232, 5556.520496689894, 24, 7317.2, 2509.8651676932764, 489.5734667654167, 1, 0, 1
26,14,361, 890, 467.0, 0.013696522006771314, 0.41587301587301667, 0.007033552526079223, 4803.850967184726, 30, 15666.7, 6400.250886488748, 474.80045670128345, 2, 0, 0
26,11,309, 753, 379.0, 0.01582398184339932, 0.40533700388069377, 0.015068020057103842, 4023.085738441477, 25, 8136.8, 1754.0612190000666, 404.73661657907286, 4, 5, 1
26,7,316, 772, 407.0, 0.015511352220212979, 0.4269962281038232, 0.0202808847967618, 4535.055293979175, 20, 8528.6, 3590.2706081854053, 409.0579085480059, 4, 0, 0
26,12,336, 813, 404.0, 0.014445628997867804, 0.40813062598776917, 0.009480987836100865, 4212.4967670974875, 29, 9167.9, 3759.883175046799, 436.88463290693556, 3, 2, 1
26,1,529, 1365, 782.0, 0.009774016153978347, 0.4463241296605854, 0.008824365016971003, 9385.550284791645, 22, 19448.8, 7868.44535851905, 717.0517616292799, 1, 0, 1
26,10,343, 840, 422.0, 0.014321518080916577, 0.4045611002794799, 0.017569648760188756, 6037.500549484309, 23, 13024.0, 10867.261632996604, 446.2768834510266, 7, 10, 1
26,9,291, 729, 374.0, 0.017276928546036262, 0.3962662957508321, 0.03879191309164124, 4028.757806500915, 21, 7550.8, 3046.2616368263575, 394.86010716424005, 12, 19, 1
26,6,299, 746, 388.0, 0.016744854212026667, 0.41749216966608316, 0.03119303461530184, 4405.182520628174, 17, 6852.3, 1508.4157947992987, 396.190825028094, 8, 12, 1
26,2,366, 914, 466.0, 0.01368365895650872, 0.38508484533074694, 0.0157919523318005, 5615.856387009997, 21, 10230.4, 4659.92942435827, 487.76543375675703, 2, 1, 1
26,15,319, 831, 507.0, 0.016383746377240195, 0.45300644813829444, 0.011795813451079981, 6872.077523177643, 22, 7790.3, 2394.0702600383306, 434.8148125835031, 2, 1, 1
26,8,300, 740, 395.0, 0.01649944258639911, 0.42863207163207195, 0.006513492014972784, 4504.931861482014, 28, 7773.5, 2186.2439593970294, 391.2861845550729, 1, 0, 1
26,3,323, 833, 457.0, 0.016018306636155607, 0.4181282082210879, 0.03529382672067949, 4971.552671997684, 19, 7468.8, 2627.008937936832, 447.7265827751501, 1, 0, 1
26,4,368, 850, 368.0, 0.012587371164553962, 0.362912118075162, 0.007834914203312712, 4137.592984661541, 32, 13122.2, 6109.8928108437385, 456.23490144834267, 1, 0, 1
42,13,519, 1275, 707.0, 0.009485125092061508, 0.45100732066050087, 0.004262267808735054, 7477.005848196537, 45, 26101.1, 14749.179620914514, 665.8610149298413, 8, 11, 0
42,5,566, 1407, 864.0, 0.00879952468807655, 0.47854303136988685, 0.013281996860349634, 10203.514777077751, 24, 22915.5, 8492.687221957489, 707.1586577390003, 1, 0, 1
42,11,390, 1031, 660.0, 0.0135917210467339, 0.4923786896863825, 0.009211245203206727, 7691.24927903699, 23, 13086.4, 3870.714435346529, 534.4141826608201, 3, 3, 1
42,14,739, 1984, 1198.0, 0.007275634326032029, 0.45356659578581004, 0.011974670592254629, 13364.425985834148, 34, 45140.2, 24562.20275463909, 1047.4732220659857, 3, 2, 1
42,7,433, 1114, 638.0, 0.011910871610640663, 0.4343322702445113, 0.012419183264558507, 6815.785347297193, 26, 22744.2, 14403.317435924268, 590.2967703251996, 12, 18, 1
42,18,558, 1395, 834.0, 0.008976660682226212, 0.48272411578863206, 0.0016755582332783874, 9199.874841901632, 40, 32396.3, 12635.754200284207, 715.8646796414802, 2, 1, 1
42,19,295, 739, 445.0, 0.017041392828317767, 0.47492405899185614, 0.03449046542496838, 5045.162979473474, 17, 9862.1, 2432.7569730657438, 378.9960457835712, 5, 7, 1
42,16,323, 827, 517.0, 0.0159029286771917, 0.4782314520704618, 0.006231535604104506, 6116.913622866177, 31, 23072.9, 15142.352409384746, 425.06524747580505, 6, 8, 1
42,1,697, 1676, 867.0, 0.006909744553834991, 0.42834893466170354, 0.0011502844742497759, 8773.570263939957, 55, 62997.9, 21339.25357387179, 881.3679168535529, 4, 4, 1
42,10,522, 1321, 829.0, 0.009714592479831741, 0.4976863519121809, 0.005870456706138197, 9801.320333778836, 29, 20008.3, 3941.147752876058, 671.5926712677763, 7, 10, 1
42,9,509, 1179, 680.0, 0.009119316863388148, 0.4337017381221707, 0.007485257581936041, 7812.522142987891, 32, 26571.3, 9587.228181805209, 575.0319392414727, 1, 0, 1
42,8,344, 870, 512.0, 0.014746762492372363, 0.45701470686935863, 0.01803816024323532, 5629.600720335844, 25, 19550.9, 9938.662972955668, 454.12803780889016, 11, 15, 1
42,6,345, 798, 449.0, 0.013447927199191101, 0.47957462827028113, 0.002892582510543674, 4749.334285811057, 36, 24279.4, 15022.088744245924, 403.49928900134825, 1, 0, 1
42,2,740, 1888, 1013.0, 0.0069048751051457415, 0.41317128662716907, 0.0049549673981378346, 10948.415867090296, 38, 30676.9, 14043.869704963801, 1009.5214395338019, 1, 0, 1
42,15,334, 889, 555.0, 0.015986045926165687, 0.478504180450289, 0.019997516571560365, 6363.915448634458, 22, 11652.5, 9414.764365081051, 465.9195705973568, 3, 2, 1
42,12,602, 1479, 899.0, 0.008175742533208772, 0.49557098033011676, 0.0012123091314345607, 10255.149937705357, 38, 48847.5, 17426.468605256774, 743.2387394264026, 2, 1, 1
42,3,425, 1028, 590.0, 0.011409544950055493, 0.44145590357355147, 0.007247379037919505, 7019.584691459223, 32, 24665.5, 15950.432284110673, 518.249736920247, 1, 0, 1
42,17,405, 1037, 645.0, 0.01267571201564601, 0.492071618367915, 0.022581758891733722, 8086.841977102346, 21, 15255.9, 12487.391708839761, 528.4400829219005, 6, 8, 1
42,4,510, 1352, 846.0, 0.01041642590238453, 0.48123110005463016, 0.012373354635745907, 9589.229986071023, 26, 15661.9, 7645.398478169728, 705.8106829195309, 1, 0, 1
17,13,560, 1461, 808.0, 0.009334270380782009, 0.4324231621553062, 0.019704387450522068, 8764.953111733157, 28, 16923.6, 7082.165617944839, 783.2730103222896, 3, 2, 1
17,14,567, 1483, 869.0, 0.009242121138469783, 0.4505657481847965, 0.0056654954333263475, 9877.813698940497, 31, 22495.0, 8379.712178828102, 783.3628875608823, 5, 5, 1
17,12,644, 1736, 1046.0, 0.008384610183244302, 0.4459636464294856, 0.004254943974646673, 12265.878059872155, 41, 19791.9, 6343.440303967556, 916.9793920591586, 12, 18, 0
17,5,570, 1418, 735.0, 0.008744180310177905, 0.41025994473362987, 0.004690780105110368, 7664.915358769062, 42, 21849.7, 13852.576655987144, 759.1054867865345, 1, 0, 1
17,7,661, 1642, 870.0, 0.00752762114335488, 0.43400913257191653, 0.004328918611708871, 9245.401789443564, 43, 30714.1, 16223.227357403333, 870.4748646448652, 5, 6, 1
17,18,733, 1922, 1116.0, 0.00716421025950693, 0.42162684126812244, 0.006757084614642085, 14027.482977475403, 31, 28823.9, 10383.509459233906, 1008.3458375114184, 4, 5, 1
17,19,757, 1876, 1007.0, 0.006556093742355301, 0.4281537998182654, 0.003241520665295814, 11369.507924638394, 44, 35998.2, 11721.491038259595, 990.6191346012449, 8, 10, 1
17,16,559, 1514, 935.0, 0.009707555093901681, 0.45434926830275757, 0.006398198589402402, 11445.60633463696, 33, 18424.5, 9806.316538333851, 795.9703363028292, 6, 6, 0
17,1,680, 1716, 928.0, 0.00743307632331283, 0.42308823529411804, 0.0025837049517582894, 9732.490583594797, 45, 35314.5, 11041.233982214126, 914.2867016044972, 5, 5, 1
17,9,583, 1516, 835.0, 0.008935886780664062, 0.42368642411524166, 0.008933172168729278, 9699.612430508276, 29, 14232.2, 4259.39499929274, 812.2824024146955, 7, 7, 1
17,6,519, 1368, 784.0, 0.01017698127524717, 0.4412855502450891, 0.01659344112451703, 8431.632002672564, 25, 17112.4, 8975.142942594284, 731.8139182323761, 1, 0, 1
17,2,653, 1699, 943.0, 0.007981097154238578, 0.43385963194539023, 0.008471078135925411, 10418.160093481507, 33, 27079.0, 12289.378796342799, 906.938006978314, 9, 6, 0
17,8,520, 1350, 806.0, 0.010004446420631391, 0.45481546231546366, 0.006514106931184731, 8783.115637875506, 30, 34522.7, 20482.210886767083, 709.2157863772364, 1, 0, 1
53,5,875, 2357, 1463.0, 0.006164105916966329, 0.4523628218653425, 0.0069368087495728014, 17562.567595935263, 25, 30811.2, 9284.712863626963, 1226.5837108268522, 9, 12, 0
53,7,1087, 2997, 1731.0, 0.005077586951770548, 0.4126245073080362, 0.014892132263607447, 21151.60826038092, 20, 21642.0, 3511.5856247569986, 1609.2103183451811, 2, 1, 1
53,1,817, 2212, 1299.0, 0.0066359469124247, 0.4335626158147574, 0.010016053325716978, 14683.222862934535, 31, 23744.1, 7899.979081617874, 1178.6436566949899, 7, 5, 0
53,9,634, 1664, 979.0, 0.008292592980200438, 0.4631201080727901, 0.00724182518475448, 11513.154098700155, 22, 18823.3, 5671.859748794923, 876.7569369126394, 1, 0, 1
53,2,768, 2128, 1330.0, 0.007225119513255106, 0.45240805201742657, 0.018231942105876368, 16889.162565308437, 20, 25180.2, 7166.513612629226, 1114.8260920871096, 6, 9, 1
53,8,865, 2363, 1451.0, 0.006323592378505673, 0.45964507591845094, 0.011075445957374006, 17653.055144121703, 25, 25114.8, 9202.48996522137, 1243.4668887140579, 3, 3, 1
53,3,645, 1744, 1089.0, 0.008397130338485242, 0.4719377951936091, 0.008718106875116148, 13193.840166926206, 23, 18482.8, 7464.102274218917, 908.1037264605878, 4, 5, 1
53,4,745, 2043, 1332.0, 0.007371725481705997, 0.4965169398784618, 0.023666607495139314, 19238.378893880687, 16, 22561.5, 5635.746095238855, 1048.022876298388, 1, 0, 1
55,5,668, 1813, 1147.0, 0.008138146495614468, 0.4704766790096136, 0.011282951420023744, 14501.86431712536, 26, 20507.2, 5735.720387187646, 946.0276332498112, 1, 0, 1
55,7,1147, 3041, 1820.0, 0.004626988075729842, 0.45905096891814035, 0.004792333617946581, 22199.525395919653, 33, 44163.5, 10231.400268291725, 1588.1905944276718, 2, 1, 1
55,1,619, 1685, 1062.0, 0.008809490199768915, 0.48279624068372584, 0.016156666593649192, 13346.76270907519, 24, 14628.8, 3445.313593854702, 879.2735858056586, 1, 0, 1
55,6,805, 2137, 1350.0, 0.006603627823614845, 0.4844442949356787, 0.01228042757534986, 18295.84751530257, 27, 25243.2, 5409.107223932615, 1099.0431582800134, 6, 8, 1
55,2,681, 1859, 1213.0, 0.008028850306642481, 0.5009737460679213, 0.01771117091783124, 16561.232475062203, 25, 19799.9, 5430.1495089914415, 958.225279240399, 6, 7, 0
55,8,865, 2291, 1362.0, 0.006130914151145365, 0.46501984207186425, 0.010283754165450062, 16065.782080336341, 28, 28094.1, 7781.106135376897, 1202.1896554210953, 1, 0, 1
55,3,1131, 2877, 1676.0, 0.004502241731414756, 0.4769069985913483, 0.0036892635984088224, 20290.675658648775, 45, 54478.2, 17971.01024873115, 1488.0599286820527, 8, 14, 1
55,4,374, 970, 545.0, 0.013906610657911714, 0.42276579629520855, 0.01821000617349573, 5747.533381534741, 26, 10268.1, 2398.6605199569194, 519.4991957356648, 14, 19, 0
37,5,245, 626, 370.0, 0.020943459350953497, 0.4578717201166182, 0.030261368564578558, 3800.120404603849, 22, 6586.7, 2000.6701402280185, 332.76569466148396, 2, 1, 1
37,11,261, 707, 449.0, 0.020837017388741528, 0.47602986625975197, 0.03362940106401309, 4880.115698108183, 20, 6047.0, 1563.8416160212646, 374.94054661665615, 4, 5, 1
37,7,201, 523, 320.0, 0.026019900497512436, 0.48302140093184925, 0.032980951508051595, 3328.8351421528796, 16, 3608.1, 998.7985232267819, 278.45527028354053, 2, 1, 1
37,1,263, 627, 366.0, 0.018198705482831683, 0.4824277539106444, 0.010541935729351973, 3719.792727809119, 26, 14036.5, 4369.493729255141, 320.47096303559937, 1, 0, 1
37,10,206, 525, 309.0, 0.02486384087141842, 0.4539682539682543, 0.036156151723233006, 3158.303159333365, 21, 6331.3, 4012.5168672542677, 279.13056627648336, 14, 23, 1
37,9,189, 456, 247.0, 0.025667004390408647, 0.46128327874359637, 0.008710044236279597, 2438.7901276363477, 21, 4182.9, 1720.3573146297254, 242.13646566278118, 3, 3, 1
37,2,147, 312, 154.0, 0.02907464355605256, 0.43995248893208044, 0.012687692895932362, 1495.3984004939718, 22, 5450.7, 2046.8048294842379, 157.39463974885098, 1, 0, 1
37,8,195, 459, 248.0, 0.024266455194290246, 0.4584948384948386, 0.00974191826684857, 2465.898545209579, 27, 7867.6, 2742.0029978101775, 240.80410108692337, 6, 7, 1
37,12,181, 379, 191.0, 0.023265807243707796, 0.4704156800841885, 0.002045650598713613, 1803.905236022402, 41, 9640.7, 1863.6055403437715, 187.1465485683572, 3, 3, 1
37,4,185, 467, 259.0, 0.02743830787309048, 0.42117546117546106, 0.053305236087034434, 2722.451906481155, 14, 3300.9, 1004.5783642902131, 249.0030673187817, 4, 5, 1
22,5,741, 1979, 1230.0, 0.007218149323412481, 0.48123567091178326, 0.008645826515134182, 14557.083792304426, 28, 25867.3, 9331.354714616737, 1026.6079851132902, 3, 2, 1
22,7,504, 1348, 813.0, 0.01063460506800467, 0.4661478017132788, 0.017424794323205817, 9438.612833279769, 20, 12706.5, 3270.735704700091, 710.2943540036023, 20, 36, 1
22,1,493, 1244, 693.0, 0.010257425089463876, 0.4368526243219324, 0.004203388532760293, 7953.489374568683, 35, 21115.6, 9033.160578667912, 649.6201655167417, 4, 5, 1
22,6,389, 1030, 598.0, 0.013648530464050035, 0.45816111908657037, 0.044424346780917424, 6539.4709821082115, 16, 15352.5, 9749.638621507978, 550.0615158613911, 6, 9, 1
22,2,432, 1089, 596.0, 0.011697602474864656, 0.4470475942902422, 0.0035422290383601692, 6675.416433543257, 31, 19573.5, 12198.835290715257, 575.7997473151512, 2, 1, 1
22,3,505, 1349, 842.0, 0.0106003457488606, 0.4928801671375936, 0.013273161930756667, 10084.878434272807, 23, 19229.6, 8841.309950454175, 701.8297271572258, 1, 0, 1
22,4,607, 1619, 1009.0, 0.008802692460349823, 0.4816987241204702, 0.00920097849514897, 11825.149480952854, 26, 20712.7, 4666.327036331681, 842.985080541275, 1, 0, 1
9,5,157, 387, 230.0, 0.031602155805977465, 0.4988474370639976, 0.023421956250284707, 2325.1051199898106, 19, 3497.7, 1333.7757720096731, 204.125684384912, 3, 3, 1
9,1,156, 385, 222.0, 0.03184449958643507, 0.43861925111925093, 0.020716795370487408, 2242.9152418739577, 24, 6309.8, 2726.2100726099598, 202.67185992657966, 2, 0, 0
9,2,153, 401, 245.0, 0.034485724114207084, 0.46839921153646613, 0.0625342962141574, 2581.7875413181873, 15, 3310.3, 1635.2975906543738, 214.5398409184709, 3, 0, 0
9,3,166, 442, 285.0, 0.03227455275648047, 0.4967809950213248, 0.06302645719335, 3386.397617523489, 13, 3036.3, 1973.384455700409, 233.14375029125748, 2, 1, 1
9,4,142, 381, 245.0, 0.038058136050344624, 0.47589425441538097, 0.047394707485937625, 2763.307398022361, 15, 2877.0, 1078.1533286133285, 201.68667989971615, 6, 6, 0
20,2,1016, 2392, 1329.0, 0.004639075288002793, 0.4317500143055949, 0.003548103003634771, 16698.570473886615, 39, 58689.8, 20931.663764736906, 1181.138548629313, 17, 31, 1
20,1,1440, 3405, 1639.0, 0.003286425758628677, 0.3633448259567318, 0.004908894758720406, 20295.17590448016, 51, 63418.9, 12312.946296073902, 1765.0943761912715, 13, 15, 1
20,3,612, 1531, 821.0, 0.008188654621695924, 0.42261339670736936, 0.019206370731204, 10246.539987304102, 22, 21580.5, 7680.665378077605, 795.6924420774309, 1, 0, 1
20,4,839, 1895, 982.0, 0.005390551884417465, 0.4119939905443043, 0.011451211996440783, 15740.963858608005, 27, 32692.1, 10405.91813777141, 912.3508815849783, 8, 11, 1
38,0,519, 1368, 844.0, 0.01017698127524717, 0.4623195900652559, 0.019078342969175672, 9706.163889924346, 23, 13696.5, 3178.2143807490393, 714.0903660434371, 4, 5, 1
